name,free_bikes,empty_slots,latitude,longitude,timestamp,total_docks,occupancy_pct
377 - Metro Abrantes,4,19,40.38091762,-3.72783615,2026-02-20 17:14:29.074044+00:00,23,17.4
507 - Seis - Sexta,18,4,40.44845033,-3.5965029500000005,2026-02-20 17:14:29.073719+00:00,22,81.8
192 - Avda. de los Toreros - Fco. Silvela,17,10,40.431826464468664,-3.6714677183853106,2026-02-20 17:14:29.073212+00:00,27,63.0
333 - Illescas - Camarena,3,18,40.392175,-3.7562323,2026-02-20 17:14:29.073958+00:00,21,14.3
3 - Plaza Conde Suchil,13,5,40.4303223,-3.7072537000000003,2026-02-20 17:14:29.045717+00:00,18,72.2
151 - Orense 12,12,16,40.44881224951987,-3.695359265012366,2026-02-20 17:14:29.074210+00:00,28,42.9
574 - Chantada,19,5,40.472695,-3.7106779999999997,2026-02-20 17:14:29.073711+00:00,24,79.2
267 - Paseo de la Chopera - Fernando Poo,6,14,40.39500000000003,-3.700399664723874,2026-02-20 17:14:29.074433+00:00,20,30.0
391 - Junta Municipal Distrito de Usera,5,17,40.3817026328731,-3.711296220901499,2026-02-20 17:14:29.074260+00:00,22,22.7
434 - Charleroi - Cocherón de la Villa,15,14,40.38191654,-3.6321937200000005,2026-02-20 17:14:29.073774+00:00,29,51.7
560 - Playa de Zarauz - Playa de la Caleta,4,16,40.4731404,-3.5906847,2026-02-20 17:14:29.074187+00:00,20,20.0
4 - Malasaña,11,14,40.4286259,-3.7025,2026-02-20 17:14:29.045712+00:00,25,44.0
164 - Paseo de las Delicias - Tomás Bretón,13,11,40.39723,-3.69461,2026-02-20 17:14:29.073113+00:00,24,54.2
12 - San Hermenegildo,3,24,40.4284667,-3.7061405999999995,2026-02-20 17:14:29.046062+00:00,27,11.1
291 - Plaza José María Soler,15,8,40.45866532,-3.66790332,2026-02-20 17:14:29.073962+00:00,23,65.2
30 - San Quintín,1,17,40.419622,-3.710967,2026-02-20 17:14:29.046121+00:00,18,5.6
273 - Delicias - General Lacy,19,2,40.40381914,-3.6909183100000003,2026-02-20 17:14:29.073915+00:00,21,90.5
"328 - Cebreros, 97",5,20,40.4032379,-3.7521916999999996,2026-02-20 17:14:29.073927+00:00,25,20.0
120 - Metro Palos de la Frontera,18,9,40.403090451430614,-3.6948251018524214,2026-02-20 17:14:29.072997+00:00,27,66.7
150 - Castellana - Hermanos Pinzón,3,20,40.4491,-3.6908,2026-02-20 17:14:29.046096+00:00,23,13.0
69 - Parque del Retiro - Puerta Ángel Caído,5,24,40.409808,-3.688822,2026-02-20 17:14:29.046191+00:00,29,17.2
"407 - Carmen de Burgos, 4",4,19,40.3575459,-3.6847883,2026-02-20 17:14:29.045790+00:00,23,17.4
8000 - Estación Virtual Puente de Vallecas ,11,11,40.397661,-3.669224,2026-02-20 17:14:29.045737+00:00,22,50.0
189 - Virgen de la Alegría,18,5,40.4351256,-3.6554918000000005,2026-02-20 17:14:29.073204+00:00,23,78.3
"455 - Luis de Hoyos Sainz,  198",3,17,40.400094,-3.6292746499999997,2026-02-20 17:14:29.073503+00:00,20,15.0
59 - Plaza de Juan Pujol,0,0,40.4255495,-3.7043418,2026-02-20 17:14:29.046181+00:00,0,
252 - Est. tren Chamartín - Clara Campoamor,22,1,40.4717403,-3.6839695,2026-02-20 17:14:29.073397+00:00,23,95.7
"405 - Paseo Alberto Palacios, 42",16,9,40.3449259916087,-3.7129039644180377,2026-02-20 17:14:29.045996+00:00,25,64.0
373 - Metro La Peseta,3,20,40.36277848,-3.75787005,2026-02-20 17:14:29.074028+00:00,23,13.0
183 - Hermosilla - Doctor Esquerdo,1,21,40.425635,-3.6693389999999995,2026-02-20 17:14:29.073182+00:00,22,4.5
"420 - Candilejas, 5",22,2,40.38263599,-3.6630038299999996,2026-02-20 17:14:29.073576+00:00,24,91.7
526 - Plaza del Liceo,12,9,40.45754368,-3.64441924,2026-02-20 17:14:29.073751+00:00,21,57.1
137 - Plaza de la República Argentina,19,3,40.4454477,-3.6853377000000003,2026-02-20 17:14:29.074525+00:00,22,86.4
513 - Centro Deportivo Mpal. Pepu Hernández,21,5,40.4271211,-3.6064541399999994,2026-02-20 17:14:29.074577+00:00,26,80.8
419 - Estación de tren de El Pozo,21,8,40.3762374,-3.655868,2026-02-20 17:14:29.074333+00:00,29,72.4
475 - Aurora Boreal - Minerva,9,13,40.399236,-3.603668,2026-02-20 17:14:29.046047+00:00,22,40.9
"174 - Paseo de las Yeserías, 45",14,11,40.39742958306358,-3.7065258846557603,2026-02-20 17:14:29.074296+00:00,25,56.0
203 - General Ampudia - San Francisco Sales,7,14,40.44175,-3.7144722,2026-02-20 17:14:29.073251+00:00,21,33.3
615 - Avenida Juan de Andrés 21,12,11,40.468732,-3.7227890000000006,2026-02-20 17:14:29.046341+00:00,23,52.2
518 - Tampico - Plaza Barbados,1,21,40.444569,-3.6353449999999996,2026-02-20 17:14:29.074015+00:00,22,4.5
101 - Metro O'Donnell,7,17,40.4230771,-3.6696803999999994,2026-02-20 17:14:29.046263+00:00,24,29.2
237 - Acueducto de Amaniel,3,21,40.4516819,-3.7102736,2026-02-20 17:14:29.045839+00:00,24,12.5
411 - Estación de tren de Villaverde Alto,0,17,40.3417533,-3.7118182999999996,2026-02-20 17:14:29.045771+00:00,17,0.0
247 - Zurbano - José Abascal,0,23,40.43837,-3.69281,2026-02-20 17:14:29.073377+00:00,23,0.0
514 - María Sevilla Diago,13,9,40.43283006,-3.6109507700000005,2026-02-20 17:14:29.073836+00:00,22,59.1
342 - Osa de la Vega - Rafael Finat,6,14,40.374979,-3.7733810000000005,2026-02-20 17:14:29.046335+00:00,20,30.0
265 - Puerto Serrano - Embajadores,15,12,40.385412,-3.6884609999999998,2026-02-20 17:14:29.073522+00:00,27,55.6
416 - Ramírez Tomé,4,19,40.38875618103898,-3.645973936176305,2026-02-20 17:14:29.074639+00:00,23,17.4
"284 - Avenida de Burgos, 17",8,15,40.473593878889254,-3.6757900294303902,2026-02-20 17:14:29.073468+00:00,23,34.8
107 - Serrano - Conde de Aranda,8,19,40.42156087297841,-3.6883841104507464,2026-02-20 17:14:29.074660+00:00,27,29.6
368 - Eugenia de Montijo,0,13,40.3791024,-3.7470606799999997,2026-02-20 17:14:29.074594+00:00,13,0.0
442 - Santa Eugenia - Zazuar,15,11,40.38305936,-3.60463,2026-02-20 17:14:29.073859+00:00,26,57.7
200 - Metro Quevedo,9,15,40.43375360585919,-3.7045789811585412,2026-02-20 17:14:29.073244+00:00,24,37.5
259 - Metro Ciudad Universitaria B,2,16,40.44270528449462,-3.726752004160312,2026-02-20 17:14:29.074206+00:00,18,11.1
449 - Metro Congosto,2,20,40.37286701,-3.6186910599999997,2026-02-20 17:14:29.074780+00:00,22,9.1
"444 - Valderrebollo, 18",12,10,40.3743481,-3.6276352,2026-02-20 17:14:29.045801+00:00,22,54.5
26 - Plaza de las Salesas,14,13,40.4239,-3.6945,2026-02-20 17:14:29.046089+00:00,27,51.9
624  - Avenida Blas de Lezo 33,11,12,40.407067,-3.553002,2026-02-20 17:14:29.045756+00:00,23,47.8
"533 - San Luis, 23",14,9,40.47148748,-3.6551145499999995,2026-02-20 17:14:29.074712+00:00,23,60.9
307 - Metro Valdezarza,6,17,40.46588016,-3.71693008,2026-02-20 17:14:29.073797+00:00,23,26.1
374 - Dinero - La Peseta,9,14,40.3625707,-3.7501466,2026-02-20 17:14:29.074485+00:00,23,39.1
85 - Parque del Retiro - Puerta de O´Donnell,9,15,40.4213143,-3.6798909999999996,2026-02-20 17:14:29.046227+00:00,24,37.5
197 - Parque de Berlín,9,14,40.4516059,-3.677916,2026-02-20 17:14:29.073233+00:00,23,39.1
355 - Intercambiador de Plaza Elíptica,4,21,40.3854641,-3.7182338,2026-02-20 17:14:29.073676+00:00,25,16.0
591 - Metro Mirasierra,0,18,40.49108225,-3.7162292099999994,2026-02-20 17:14:29.074036+00:00,18,0.0
369 - Junta Municipal Distrito de Carabanchel,3,20,40.37982574184008,-3.7418245988113408,2026-02-20 17:14:29.074619+00:00,23,13.0
562 - Tomillar - Tintín y Milú,9,18,40.46267435,-3.5840557299999998,2026-02-20 17:14:29.046118+00:00,27,33.3
585 - Metro Fuencarral,1,22,40.4954662,-3.69374813,2026-02-20 17:14:29.073907+00:00,23,4.3
365 - Palacio Vistalegre Arena,9,14,40.38537202,-3.7372590799999994,2026-02-20 17:14:29.074581+00:00,23,39.1
91 - Hermosilla - General Pardiñas,12,11,40.426049,-3.6786285,2026-02-20 17:14:29.046243+00:00,23,52.2
565 - Metro Barajas,24,2,40.47563573,-3.5838869,2026-02-20 17:14:29.046029+00:00,26,92.3
418 - Puerto de Arlabán - San Diego,4,23,40.3864,-3.6674999999999995,2026-02-20 17:14:29.074723+00:00,27,14.8
111B - Metro Moncloa B,11,9,40.433913,-3.7177433999999994,2026-02-20 17:14:29.046360+00:00,20,55.0
124 - Metro Bilbao,8,19,40.430969,-3.6993695,2026-02-20 17:14:29.074146+00:00,27,29.6
204 - Doctor Santero - Bravo Murillo,2,19,40.4476488,-3.7040397,2026-02-20 17:14:29.074338+00:00,21,9.5
604 - Metro Las Tablas,16,7,40.50910428,-3.6695521499999995,2026-02-20 17:14:29.074139+00:00,23,69.6
592 - Estación de tren de Pitis,6,21,40.4956969,-3.7249527,2026-02-20 17:14:29.074399+00:00,27,22.2
226 - Sierra Toledana - Camino de Valderribas,19,6,40.39901531507069,-3.6607768678037744,2026-02-20 17:14:29.074425+00:00,25,76.0
258 - Metro Ciudad Universitaria A,1,23,40.444311,-3.7269389999999993,2026-02-20 17:14:29.073416+00:00,24,4.2
320 - Metro Lago,7,12,40.4167792,-3.7345247000000006,2026-02-20 17:14:29.045880+00:00,19,36.8
"387 - Isabelita Usera, 44",0,22,40.38272256,-3.7077397199999997,2026-02-20 17:14:29.073435+00:00,22,0.0
303 - Ps. Dirección A - Pque A. Rguez Sahagún,6,18,40.467339,-3.708215,2026-02-20 17:14:29.073802+00:00,24,25.0
"451 -  La Granja de San Ildefonso, 14",10,16,40.36813427,-3.62283116,2026-02-20 17:14:29.046276+00:00,26,38.5
439 - Cabeza Mesada - Parque de Valdeperdices,15,12,40.37647902,-3.6294129999999996,2026-02-20 17:14:29.073580+00:00,27,55.6
127 - Mercado Municipal de Vallehermoso,4,19,40.4338516,-3.708439,2026-02-20 17:14:29.073018+00:00,23,17.4
257 - Ciudad Universitaria - INEF,17,9,40.438873,-3.7305269999999995,2026-02-20 17:14:29.073412+00:00,26,65.4
602 - Monasterio Sobrado - Monasterio Silos,16,7,40.5093225,-3.6928369999999995,2026-02-20 17:14:29.046022+00:00,23,69.6
93 - Plaza de Margaret Thatcher,17,15,40.42575853342561,-3.6893361690338162,2026-02-20 17:14:29.046303+00:00,32,53.1
185 - Parque Quinta de la Fuente del Berro,2,22,40.4250833,-3.6615277000000006,2026-02-20 17:14:29.073189+00:00,24,8.3
"276 - Paseo de las Yeserías, 15",0,22,40.39900539,-3.7099166,2026-02-20 17:14:29.074283+00:00,22,0.0
156 - Sor Ángela de la Cruz-Paseo Castellana,4,20,40.4592351,-3.691533,2026-02-20 17:14:29.073083+00:00,24,16.7
558 - Biblioteca Pública Mpal. Gloria Fuertes,7,15,40.461137,-3.5937120000000005,2026-02-20 17:14:29.046111+00:00,22,31.8
34 - Jacinto Benavente,0,0,40.4145422,-3.7036883000000005,2026-02-20 17:14:29.074350+00:00,0,
286 - Plaza Duque de Pastrana ,4,19,40.4679,-3.6778999999999997,2026-02-20 17:14:29.073487+00:00,23,17.4
22 - Jacometrezo 3,3,7,40.420172,-3.706494,2026-02-20 17:14:29.045733+00:00,10,30.0
214 - Condesa de Venadito - Albacete,1,23,40.4434316,-3.6569031,2026-02-20 17:14:29.073278+00:00,24,4.2
221 - Metro Pavones,20,3,40.400492026660594,-3.6347444787322485,2026-02-20 17:14:29.073300+00:00,23,87.0
210 - Calle de las Tres Cruces - Gran Vía,1,25,40.4196518,-3.7027164000000004,2026-02-20 17:14:29.074299+00:00,26,3.8
268 - Metro Arganzuela-Planetario,7,13,40.39338327980599,-3.689031463575172,2026-02-20 17:14:29.074770+00:00,20,35.0
379 - Antonia Rodríguez Sacristán - Valeriana,0,22,40.37313777,-3.74765739,2026-02-20 17:14:29.074062+00:00,22,0.0
49 - Casa Encendida,17,10,40.4060533,-3.6992774,2026-02-20 17:14:29.046159+00:00,27,63.0
188 - Puente de Ventas,18,8,40.4312562,-3.6590286000000005,2026-02-20 17:14:29.073201+00:00,26,69.2
360 - Ntra. Sra. Fátima - Ntra. Sra. de Luz,2,20,40.3840155,-3.7470882000000003,2026-02-20 17:14:29.073848+00:00,22,9.1
231 - Derechos Humanos - Verdaguer y García,13,11,40.4398283,-3.6557193,2026-02-20 17:14:29.073334+00:00,24,54.2
522 - Metro Estadio Metropolitano,0,23,40.43333298,-3.60097542,2026-02-20 17:14:29.046053+00:00,23,0.0
"534 - Mesena, 102",3,21,40.46772408,-3.6634063399999994,2026-02-20 17:14:29.074493+00:00,24,12.5
254 - Plaza del Perú,18,4,40.461,-3.6765599999999994,2026-02-20 17:14:29.073401+00:00,22,81.8
406 - La Nave de Madrid,9,14,40.3486,-3.6960817,2026-02-20 17:14:29.046344+00:00,23,39.1
50 - Museo Reina Sofía,17,5,40.4073541,-3.6960397999999994,2026-02-20 17:14:29.074311+00:00,22,77.3
607 - Metro Ligero - Palas de Rey,18,8,40.5051915,-3.6641571,2026-02-20 17:14:29.045833+00:00,26,69.2
600 - Centro Deportivo Municipal La Masó,10,14,40.4825507,-3.7149566,2026-02-20 17:14:29.074489+00:00,24,41.7
15 - Norte,3,16,40.4262383,-3.7074453,2026-02-20 17:14:29.046071+00:00,19,15.8
248 - Sinesio Delgado - Cuatro Torres ,7,20,40.4743209,-3.6879973,2026-02-20 17:14:29.073382+00:00,27,25.9
610 - Bardegueral,12,10,40.4501721,-3.7719096999999997,2026-02-20 17:14:29.045836+00:00,22,54.5
467 - Univ. Rey Juan Carlos - Facultad  CJS,8,16,40.4062361,-3.6084888,2026-02-20 17:14:29.046032+00:00,24,33.3
71 - Plaza del Doctor Laguna,1,22,40.4161,-3.6739,2026-02-20 17:14:29.046197+00:00,23,4.3
"559 - Calle Babilonia, 19",7,16,40.4675299,-3.5882346999999997,2026-02-20 17:14:29.045909+00:00,23,30.4
162 - Metro Pirámides,8,15,40.4034968,-3.7105765,2026-02-20 17:14:29.073105+00:00,23,34.8
436 - Campus Sur UPM,14,15,40.3901675,-3.62713659,2026-02-20 17:14:29.073770+00:00,29,48.3
178 - Junta Municipal Distrito de Retiro,21,6,40.4029202,-3.6788343,2026-02-20 17:14:29.073167+00:00,27,77.8
80B - Estación de Atocha B,17,8,40.4075211,-3.6904748,2026-02-20 17:14:29.046325+00:00,25,68.0
575 - Metro Barrio del Pilar,23,7,40.47817,-3.703526,2026-02-20 17:14:29.073707+00:00,30,76.7
340 - Illescas - Seseña,0,26,40.3970983,-3.7656975999999998,2026-02-20 17:14:29.045793+00:00,26,0.0
345 - Fuente del Tiro - Avd. de las Águilas,0,23,40.38308791,-3.7798000999999997,2026-02-20 17:14:29.074127+00:00,23,0.0
25B - Plaza de Celenque B,10,13,40.4173687,-3.7058976,2026-02-20 17:14:29.074373+00:00,23,43.5
"450 - Camino de las Hormigueras, 161",20,9,40.3762555,-3.6370762,2026-02-20 17:14:29.074131+00:00,29,69.0
"515 - Avenida de Hellin, 13",14,10,40.43091667,-3.61579967,2026-02-20 17:14:29.073840+00:00,24,58.3
262 - María de las Mercedes de Borbón B,5,16,40.4928683,-3.620114,2026-02-20 17:14:29.045843+00:00,21,23.8
566 - Avenida de Logroño,17,7,40.4703472,-3.5815033,2026-02-20 17:14:29.046026+00:00,24,70.8
321 - Metro Casa de Campo,3,24,40.40316,-3.7610509999999997,2026-02-20 17:14:29.045921+00:00,27,11.1
472 - Metro Valdebernardo,4,23,40.3987974,-3.6211484999999994,2026-02-20 17:14:29.045804+00:00,27,14.8
142 - Bajo elevado de Eduardo Dato,13,10,40.4334087,-3.6879154,2026-02-20 17:14:29.073051+00:00,23,56.5
612 - Calle Rosalia de Castro 1,21,2,40.480258,-3.734639,2026-02-20 17:14:29.074180+00:00,23,91.3
"378 - Eugenia de Montijo, 83",1,22,40.37562288,-3.7509732999999996,2026-02-20 17:14:29.074608+00:00,23,4.3
564 - IFEMA B,10,12,40.463861,-3.6138669999999995,2026-02-20 17:14:29.045928+00:00,22,45.5
140 - Velázquez - López de Hoyos,10,19,40.4387566,-3.6830583,2026-02-20 17:14:29.074672+00:00,29,34.5
490 - Hnos.García Noblejas-FcoLargo Caballero,11,13,40.42427523,-3.62888094,2026-02-20 17:14:29.073659+00:00,24,45.8
269 - Ariel - Parque Enrique Tierno Galván,7,17,40.393023802369754,-3.6797017663398797,2026-02-20 17:14:29.073743+00:00,24,29.2
"152 - General Perón, 4",1,22,40.4525,-3.6989,2026-02-20 17:14:29.073071+00:00,23,4.3
272 - Tejo - Parque La Ronda,19,4,40.39663,-3.679186,2026-02-20 17:14:29.045898+00:00,23,82.6
6 - Colegio de Arquitectos,4,14,40.423178,-3.699023,2026-02-20 17:14:29.046286+00:00,18,22.2
36 - Plaza Ramales,11,13,40.416876,-3.7121509999999995,2026-02-20 17:14:29.046127+00:00,24,45.8
617 - Calle Eduardo Barreiros,0,23,40.358866,-3.7023800000000002,2026-02-20 17:14:29.074644+00:00,23,0.0
294 - Edificio Torres Blancas,7,15,40.440944,-3.6723389999999996,2026-02-20 17:14:29.074134+00:00,22,31.8
429 - Carlos M. Alvarez - Javier de Miguel,8,12,40.3895,-3.6635,2026-02-20 17:14:29.073755+00:00,20,40.0
589 - Monast. Silos - Monast. Montesclaros,6,18,40.50340494,-3.70290315,2026-02-20 17:14:29.074169+00:00,24,25.0
448 - Metro Las Suertes,9,16,40.363376,-3.5993520000000006,2026-02-20 17:14:29.074184+00:00,25,36.0
"463 - Casalarreina, 18",0,23,40.40939089860396,-3.612318798052458,2026-02-20 17:14:29.074222+00:00,23,0.0
590 - Metro Arroyofresno,7,14,40.49093014,-3.72757227,2026-02-20 17:14:29.074716+00:00,21,33.3
123 - Metro Argüelles,22,8,40.4306458,-3.7133412,2026-02-20 17:14:29.073006+00:00,30,73.3
445 - C. Deportivo Mpal. Juan de Dios Román,4,19,40.36334587,-3.6050356400000005,2026-02-20 17:14:29.074101+00:00,23,17.4
"37 - Calatrava, 38",7,15,40.41022,-3.7134820000000004,2026-02-20 17:14:29.046130+00:00,22,31.8
376 - Metro Carpetana,0,22,40.39229225,-3.7405438000000006,2026-02-20 17:14:29.074040+00:00,22,0.0
399 - Bohemios - Gigantes y Cabezudos,5,17,40.356536,-3.6939009999999994,2026-02-20 17:14:29.074695+00:00,22,22.7
430 - Torremolinos - Rafael Alberti,0,22,40.38500948,-3.6417899899999995,2026-02-20 17:14:29.074497+00:00,22,0.0
285 - Santa María Magdalena - La Drácena,3,20,40.4631,-3.6706,2026-02-20 17:14:29.073484+00:00,23,13.0
380 - Oca,2,22,40.3894333,-3.7335492000000006,2026-02-20 17:14:29.074166+00:00,24,8.3
381 - Alfredo Aleix - Mercedes Rodríguez,1,22,40.3684767,-3.7553916,2026-02-20 17:14:29.045797+00:00,23,4.3
453 - Metro La Gavia,25,0,40.37043968,-3.61253028,2026-02-20 17:14:29.046282+00:00,25,100.0
572 - Junta Mpal. Dtto. Fuencarral - El Pardo,4,19,40.47810429,-3.70997335,2026-02-20 17:14:29.073700+00:00,23,17.4
563 - Soto Hidalgo,12,13,40.4606465,-3.5820745,2026-02-20 17:14:29.045954+00:00,25,48.0
356 - Portalegre - Tinamús,5,19,40.38937686,-3.72364769,2026-02-20 17:14:29.073696+00:00,24,20.8
465 - Cordel de Pavones - Bulevar José Prat,6,18,40.397375,-3.619645,2026-02-20 17:14:29.045934+00:00,24,25.0
172 - Estación de tren de Delicias,7,16,40.4008279,-3.6934925999999995,2026-02-20 17:14:29.073146+00:00,23,30.4
62 - Hospital M. Infantil Gregorio Marañón,18,9,40.4213148,-3.6724968,2026-02-20 17:14:29.046269+00:00,27,66.7
580 - Metro Herrera Oria,1,22,40.483289,-3.706089,2026-02-20 17:14:29.046092+00:00,23,4.3
220 - Plaza del Encuentro,5,18,40.406156,-3.651384,2026-02-20 17:14:29.074709+00:00,23,21.7
310 - Estación de tren de Aravaca,6,16,40.4490509,-3.7845536000000006,2026-02-20 17:14:29.045925+00:00,22,27.3
398 - Orovilla - Felicidad,2,25,40.3587,-3.6895,2026-02-20 17:14:29.073585+00:00,27,7.4
283 - Museo Nacional del Prado,10,15,40.4152082,-3.6919057,2026-02-20 17:14:29.046312+00:00,25,40.0
300 - Capitan Blanco Argibay - Alfalfa,19,5,40.4667435,-3.7031881999999996,2026-02-20 17:14:29.073723+00:00,24,79.2
278 - Paseo los Pontones - Ps. Melancólicos,10,12,40.4040433,-3.7196,2026-02-20 17:14:29.045886+00:00,22,45.5
425 - Ramón Perez Ayala - Pque. Cerro Tío Pío,3,20,40.40003472,-3.65381017,2026-02-20 17:14:29.073635+00:00,23,13.0
496 - Cronos,5,22,40.4384695,-3.6194333,2026-02-20 17:14:29.073507+00:00,27,18.5
290 - Francisco Suárez - Paseo de La Habana,5,18,40.46437817,-3.6799441599999994,2026-02-20 17:14:29.073875+00:00,23,21.7
46 - Ribera de Curtidores,21,6,40.4053153,-3.7071258999999994,2026-02-20 17:14:29.074233+00:00,27,77.8
"353 - Mercedes Arteaga, 21",7,15,40.39251608002938,-3.7222175704754585,2026-02-20 17:14:29.074656+00:00,22,31.8
138 - Estación de tren Nuevos Ministerios,6,16,40.4457414,-3.6914063,2026-02-20 17:14:29.074443+00:00,22,27.3
250 - Serrano - CSIC,13,15,40.4406491,-3.6858096,2026-02-20 17:14:29.073389+00:00,28,46.4
88 - Velázquez-Padilla,11,13,40.4313576,-3.6838303,2026-02-20 17:14:29.046233+00:00,24,45.8
536 - Boj,3,17,40.4560204,-3.6180818,2026-02-20 17:14:29.073949+00:00,20,15.0
543 - Tomas Redondo,16,7,40.47178414,-3.6291380199999996,2026-02-20 17:14:29.074198+00:00,23,69.6
383 - Metro San Fermín-Orcasur,4,16,40.3700017,-3.6939702000000003,2026-02-20 17:14:29.073439+00:00,20,20.0
319 - Valdesangil,2,22,40.4684218,-3.7166729,2026-02-20 17:14:29.046019+00:00,24,8.3
485 - Francisco Villaespesa - Ledesma,3,19,40.4293263,-3.6464629,2026-02-20 17:14:29.074531+00:00,22,13.6
13 - Conde Duque,3,18,40.4273,-3.7104999999999997,2026-02-20 17:14:29.046065+00:00,21,14.3
243 - Cartagena,2,20,40.43503,-3.6701200000000003,2026-02-20 17:14:29.073362+00:00,22,9.1
56 - Plaza del Carmen ,13,11,40.4190322,-3.7039032999999995,2026-02-20 17:14:29.074381+00:00,24,54.2
397 - Centro Deportivo Municipal Orcasur,14,10,40.36809336,-3.6983803799999997,2026-02-20 17:14:29.073739+00:00,24,58.3
358 - Verdad,20,4,40.391787,-3.7171600000000002,2026-02-20 17:14:29.073560+00:00,24,83.3
318 - C. Deportivo Mpal. José María Cagigal,17,5,40.43205131007265,-3.7370276473602226,2026-02-20 17:14:29.045779+00:00,22,77.3
503 - Zaldívar - Valdecanillas,8,15,40.43209033,-3.62650373,2026-02-20 17:14:29.073672+00:00,23,34.8
60 - Puerta de Alcalá,23,4,40.418852490562614,-3.689098056552884,2026-02-20 17:14:29.046315+00:00,27,85.2
298 - Marques de Viana - Bellver,3,16,40.463643,-3.704478,2026-02-20 17:14:29.074244+00:00,19,15.8
75 - Parque del Retiro - Plaza Mariano Cavia,12,15,40.4082717,-3.6784749,2026-02-20 17:14:29.046209+00:00,27,44.4
400 - Metro Ciudad de los Ángeles,8,13,40.36064659,-3.69399661,2026-02-20 17:14:29.074225+00:00,21,38.1
323 - Centro Deportivo Municipal Gallur,21,3,40.3984,-3.7359,2026-02-20 17:14:29.074675+00:00,24,87.5
166 - Viaducto de Segovia,1,24,40.41390473235381,-3.713377023313513,2026-02-20 17:14:29.073122+00:00,25,4.0
103 - Ortega y Gasset - Serrano,17,13,40.43053,-3.6867439999999996,2026-02-20 17:14:29.074632+00:00,30,56.7
479 - Metro Arturo Soria,2,25,40.45478362295884,-3.655837131282797,2026-02-20 17:14:29.073457+00:00,27,7.4
16 - San Bernardo,8,7,40.4229374,-3.7074808485065,2026-02-20 17:14:29.074611+00:00,15,53.3
595 - Betanzos - Fermín Caballero,24,1,40.48178815,-3.7132206,2026-02-20 17:14:29.074083+00:00,25,96.0
413 - Doctor Martín Arévalo,24,0,40.345928,-3.707413,2026-02-20 17:14:29.045945+00:00,24,100.0
473 - Villablanca - Parque Forestal Vicálvaro,7,18,40.40500033,-3.59888007,2026-02-20 17:14:29.074754+00:00,25,28.0
8 - Metro Alonso Martínez,16,6,40.4278682,-3.6954403000000005,2026-02-20 17:14:29.046056+00:00,22,72.7
598 - Hospital Ramón y Cajal,10,13,40.4858012,-3.6923396,2026-02-20 17:14:29.074162+00:00,23,43.5
94 - Estación de tren de Recoletos,1,22,40.42296360115953,-3.690421528666805,2026-02-20 17:14:29.046309+00:00,23,4.3
437 - Metro Sierra de Guadalupe,24,10,40.38135158,-3.6237645700000005,2026-02-20 17:14:29.074455+00:00,34,70.6
583 - Ángel Múgica - Marcos de Orueta,6,16,40.48468297,-3.68529048,2026-02-20 17:14:29.073900+00:00,22,27.3
11 - Plaza del Dos de Mayo,9,12,40.427,-3.7036,2026-02-20 17:14:29.074783+00:00,21,42.9
582 - Isla Graciosa - Isla de Java,18,5,40.49262243,-3.6862657,2026-02-20 17:14:29.073895+00:00,23,78.3
219 - Camino de los Vinateros B,14,4,40.4083593,-3.6467337999999994,2026-02-20 17:14:29.073296+00:00,18,77.8
277 - Virgen del Puerto,3,11,40.411622,-3.7211780000000005,2026-02-20 17:14:29.045895+00:00,14,21.4
158 - Alberto Alcocer - Padre Damián,23,1,40.4585318,-3.684715,2026-02-20 17:14:29.073087+00:00,24,95.8
147 - Doctor Arce 45,7,15,40.4484,-3.6794000000000002,2026-02-20 17:14:29.073067+00:00,22,31.8
5 - Fuencarral,2,23,40.4285212,-3.7021354,2026-02-20 17:14:29.045700+00:00,25,8.0
274 - Estación Sur Méndez Álvaro A,21,2,40.39675755,-3.6813434600000003,2026-02-20 17:14:29.046050+00:00,23,91.3
554 - Metro El Capricho,2,24,40.453,-3.5940999999999996,2026-02-20 17:14:29.073464+00:00,26,7.7
40 - Conde de Romanones,8,14,40.413148899341536,-3.704953887500373,2026-02-20 17:14:29.046136+00:00,22,36.4
605 - Nuria - Peña Sirio,9,14,40.491644,-3.7048829999999997,2026-02-20 17:14:29.074403+00:00,23,39.1
"623  -  Ronda del Sur, esq Santa Rafaela",21,5,40.37773,-3.6731049999999996,2026-02-20 17:14:29.045721+00:00,26,80.8
227 - Arroyo del Olivar,7,17,40.39382977920336,-3.665936242935637,2026-02-20 17:14:29.073317+00:00,24,29.2
148 - Serrano 210,2,20,40.451117,-3.6813971,2026-02-20 17:14:29.074743+00:00,22,9.1
116A - Plaza de España - Martín de los Heros,4,13,40.4236775,-3.7130447,2026-02-20 17:14:29.046376+00:00,17,23.5
111A - Metro Moncloa A,3,18,40.4336027,-3.7175248000000005,2026-02-20 17:14:29.074624+00:00,21,14.3
153 - General Perón - Poeta Joan Maragall,5,18,40.4523,-3.6935999999999996,2026-02-20 17:14:29.073075+00:00,23,21.7
296 - Costa Verde,13,10,40.469477,-3.696862,2026-02-20 17:14:29.073543+00:00,23,56.5
106B - Plaza de Colón B,6,14,40.424776,-3.6878899999999994,2026-02-20 17:14:29.074758+00:00,20,30.0
25A - Plaza de Celenque A,7,17,40.4173703,-3.7057791,2026-02-20 17:14:29.074368+00:00,24,29.2
"529 - Lopez de Hoyos , 478",5,18,40.47175,-3.649843,2026-02-20 17:14:29.074761+00:00,23,21.7
"375 - Calderilla, 4",27,3,40.36521132,-3.7385111400000004,2026-02-20 17:14:29.074032+00:00,30,90.0
"336 - Calle Oliva de Plasencia, 1",6,18,40.37850071,-3.7791518300000004,2026-02-20 17:14:29.074090+00:00,24,25.0
100 - Wizink Center,2,24,40.42478,-3.6738400000000007,2026-02-20 17:14:29.074701+00:00,26,7.7
53 - Plaza de Lavapiés,4,19,40.40830870823806,-3.700754126389314,2026-02-20 17:14:29.046165+00:00,23,17.4
606 - Fermín Caballero - Sangenjo,3,19,40.487363,-3.6984849999999994,2026-02-20 17:14:29.045962+00:00,22,13.6
"7 - Hortaleza, 75",5,12,40.4251906,-3.6977715000000004,2026-02-20 17:14:29.074307+00:00,17,29.4
"417 - Romeo y Julieta, 13",26,2,40.37873799,-3.6621756300000006,2026-02-20 17:14:29.074248+00:00,28,92.9
109 - Marqués de Salamanca,18,5,40.4301245,-3.6814521000000004,2026-02-20 17:14:29.046354+00:00,23,78.3
539 - Mota del Cuervo,18,4,40.4648762,-3.6313571499999995,2026-02-20 17:14:29.074048+00:00,22,81.8
242 - Metro Parque de las Avenidas,10,12,40.439513,-3.6629280000000004,2026-02-20 17:14:29.073358+00:00,22,45.5
215 - Gutierre de Cetina - Ascao,13,10,40.429588,-3.6408092999999995,2026-02-20 17:14:29.074536+00:00,23,56.5
460 - Fuente Carrantona - Doctor García Tapia,3,24,40.4070216,-3.63192261,2026-02-20 17:14:29.073499+00:00,27,11.1
104 - Castellana - Hermosilla,7,15,40.42677,-3.6895799999999994,2026-02-20 17:14:29.074664+00:00,22,31.8
588 - Campo Calatrava - Rda Ingenioso Hidalgo,9,18,40.50052161,-3.69112254,2026-02-20 17:14:29.074668+00:00,27,33.3
58 - Metro Chueca,6,21,40.4222783,-3.6978583000000005,2026-02-20 17:14:29.046178+00:00,27,22.2
61 - O'Donnell - Narváez,3,24,40.4214551,-3.6753139,2026-02-20 17:14:29.046185+00:00,27,11.1
338 - Guareña - Luis Chamizo,2,16,40.386362337060476,-3.7653391035306,2026-02-20 17:14:29.074777+00:00,18,11.1
"594 - Pedro Rico, 49",15,9,40.48194,-3.7039180000000003,2026-02-20 17:14:29.074079+00:00,24,62.5
"372 - Lonja de la Seda, 33",2,21,40.36612215,-3.76158263,2026-02-20 17:14:29.074023+00:00,23,8.7
415 - Diamante - Delmira Agustini,10,13,40.3532609,-3.6877534,2026-02-20 17:14:29.074733+00:00,23,43.5
466 - Villablanca - Vereda del Pinar,12,11,40.40894698,-3.6078326500000006,2026-02-20 17:14:29.046040+00:00,23,52.2
"275 - Juan Antonio Vallejo-Nájera Botas, 25",15,8,40.4020545,-3.7082123,2026-02-20 17:14:29.046043+00:00,23,65.2
39 - Plaza de la Cebada,15,13,40.4112744,-3.7088337,2026-02-20 17:14:29.046133+00:00,28,53.6
423 - Estación de tren Asamblea de Madrid,5,18,40.38138801,-3.6685501300000003,2026-02-20 17:14:29.073626+00:00,23,21.7
"538 - Haendel, 8",15,12,40.46275082,-3.6253213100000004,2026-02-20 17:14:29.074451+00:00,27,55.6
404 - Junta Municipal Distrito de Villaverde,19,8,40.349111,-3.7109850000000004,2026-02-20 17:14:29.074429+00:00,27,70.4
73 - Plaza de los Astros,16,7,40.4115,-3.6687,2026-02-20 17:14:29.046203+00:00,23,69.6
440 - Metro Villa de Vallecas,0,0,40.3795035,-3.62144691,2026-02-20 17:14:29.073715+00:00,0,
"403 - Auñón, 16",12,10,40.3504944,-3.6775241999999997,2026-02-20 17:14:29.046003+00:00,22,54.5
80A - Estación de Atocha A,22,14,40.407573,-3.690538,2026-02-20 17:14:29.046299+00:00,36,61.1
489 - Serrano Galvache - Yerma,4,19,40.47675257,-3.67144504,2026-02-20 17:14:29.073656+00:00,23,17.4
9 - Plaza de San Miguel,2,22,40.4156057,-3.7095084,2026-02-20 17:14:29.046059+00:00,24,8.3
352 - Algorta  - General Ricardos,16,6,40.39162261454714,-3.72745169,2026-02-20 17:14:29.074573+00:00,22,72.7
493 - Arturo Soria - San Luis,0,23,40.47636724,-3.6684167,2026-02-20 17:14:29.073762+00:00,23,0.0
633 - HUB Plaza de España 360 (Planta -1),0,12,40.423590988685426,-3.7118227246229796,2026-02-20 17:14:29.074256+00:00,12,0.0
508 - Metro Canillejas,24,1,40.449095,-3.609553,2026-02-20 17:14:29.045940+00:00,25,96.0
343 - Metro Aviación Española,1,22,40.38358975,-3.7833930099999997,2026-02-20 17:14:29.074109+00:00,23,4.3
24 - Palacio de Oriente,11,3,40.417343,-3.710864,2026-02-20 17:14:29.046086+00:00,14,78.6
"396 - Gran Avenida, 27",2,22,40.36997711,-3.70760649,2026-02-20 17:14:29.073731+00:00,24,8.3
414 - Metro Villaverde Bajo-Cruce,0,24,40.350985,-3.692163,2026-02-20 17:14:29.045937+00:00,24,0.0
187 - Alejandro González - Alcalá,3,20,40.4301326,-3.6638249,2026-02-20 17:14:29.073197+00:00,23,13.0
"488 - Ricardo Ortiz, 33",4,19,40.42657032,-3.6579643900000005,2026-02-20 17:14:29.073664+00:00,23,17.4
421 - Arroyo del Olivar - Buenos Aires,3,21,40.388435,-3.653269,2026-02-20 17:14:29.074176+00:00,24,12.5
324 - Metro Lucero,11,12,40.40457132475174,-3.7450961521148636,2026-02-20 17:14:29.074548+00:00,23,47.8
67 - CaixaForum Madrid,8,15,40.4108472,-3.693225,2026-02-20 17:14:29.074280+00:00,23,34.8
532 - Metro San Lorenzo,6,17,40.47490194,-3.6395164,2026-02-20 17:14:29.073887+00:00,23,26.1
608 - Estella - Camino de Santiago,22,1,40.4968198,-3.6743568,2026-02-20 17:14:29.045883+00:00,23,95.7
"386 - Avenida de los Poblados, 130",8,14,40.37347443,-3.7133152099999998,2026-02-20 17:14:29.073445+00:00,22,36.4
"146 - María Francisca, 3",4,13,40.4442541,-3.6788499,2026-02-20 17:14:29.073063+00:00,17,23.5
"409 - Eduardo Barreiros, 114",1,22,40.3553495,-3.7046436000000003,2026-02-20 17:14:29.045959+00:00,23,4.3
84 - Biblioteca Pública Elena Fortún,22,1,40.40357156992851,-3.672481575393678,2026-02-20 17:14:29.046223+00:00,23,95.7
547 - Rafaela Aparicio - Maruja Mallo,19,7,40.4792396,-3.6312178999999998,2026-02-20 17:14:29.045889+00:00,26,73.1
18 - Plaza de Pedro Zerolo,2,21,40.4209251,-3.6996776,2026-02-20 17:14:29.046077+00:00,23,8.7
"550 - Príncipe Carlos, 54",10,12,40.4941108,-3.6566739999999998,2026-02-20 17:14:29.045819+00:00,22,45.5
502 - Puertollano - Veinticinco de Septiembre,13,10,40.4425157,-3.6237372,2026-02-20 17:14:29.073610+00:00,23,56.5
614 - Biblioteca central de la UNED,21,4,40.4356759,-3.7344822999999994,2026-02-20 17:14:29.045725+00:00,25,84.0
581 - Metro Peñagrande,17,7,40.4764797,-3.7163093000000003,2026-02-20 17:14:29.045912+00:00,24,70.8
42 - Santa Isabel,3,23,40.4108488,-3.6982922,2026-02-20 17:14:29.046142+00:00,26,11.5
626 - Avenida Victoria Kent 9,17,4,40.401326,-3.564012,2026-02-20 17:14:29.045748+00:00,21,81.0
609 - Metro Ronda de la Comunicación,10,13,40.5157202,-3.6626887,2026-02-20 17:14:29.045957+00:00,23,43.5
"184 - Marqués de Zafra, 24",4,20,40.426,-3.6653055,2026-02-20 17:14:29.073186+00:00,24,16.7
"317 - Antonio Machado, 30",21,5,40.46826955,-3.7192171199999997,2026-02-20 17:14:29.074124+00:00,26,80.8
401 - Estación de tren de Villaverde Bajo,21,6,40.353285,-3.6831269999999994,2026-02-20 17:14:29.046000+00:00,27,77.8
"452 - Las Suertes, 15",11,12,40.3713613,-3.6078539000000003,2026-02-20 17:14:29.046279+00:00,23,47.8
"597 - Foresta, 8",0,21,40.49853277,-3.66777681,2026-02-20 17:14:29.074098+00:00,21,0.0
126 - General Álvarez de Castro,12,13,40.4345976,-3.7018044,2026-02-20 17:14:29.073014+00:00,25,48.0
"431 - Puerto Canfranc, 18",9,15,40.3969,-3.6634,2026-02-20 17:14:29.074386+00:00,24,37.5
"433 - Villalobos, 28",4,19,40.38161669,-3.6507603700000004,2026-02-20 17:14:29.073766+00:00,23,17.4
555 - Parque del Capricho,4,23,40.45476837,-3.5981217100000005,2026-02-20 17:14:29.073536+00:00,27,14.8
"170 - Paseo de la Esperanza, 21",7,16,40.4010554,-3.7043956,2026-02-20 17:14:29.073142+00:00,23,30.4
149 - Plaza de Quito,8,13,40.4498515,-3.6879303,2026-02-20 17:14:29.074517+00:00,21,38.1
136 - Metro Nuevos Ministerios,8,14,40.4451244,-3.690769,2026-02-20 17:14:29.073043+00:00,22,36.4
315 - Caroli,9,11,40.45862,-3.784627,2026-02-20 17:14:29.074120+00:00,20,45.0
299 - Rosario Pino - Joan Maragall,3,22,40.46204955,-3.6919324599999994,2026-02-20 17:14:29.074616+00:00,25,12.0
309 - Ofelia Nieto - Villaamil,3,20,40.462051,-3.7087339999999998,2026-02-20 17:14:29.073816+00:00,23,13.0
132 - Glorieta de Cuatro Caminos,9,15,40.446377501314885,-3.703605250412747,2026-02-20 17:14:29.074476+00:00,24,37.5
561 - Plaza Nuestra Señora de Loreto,22,2,40.472048,-3.5857510000000006,2026-02-20 17:14:29.046114+00:00,24,91.7
216 - Plaza de Puerta del Ángel,4,23,40.4141,-3.72897,2026-02-20 17:14:29.073284+00:00,27,14.8
241 - Camilo José Cela,1,21,40.4378,-3.6677899999999997,2026-02-20 17:14:29.073354+00:00,22,4.5
311 - C. Universitaria - F. Geografía e Histo,27,4,40.448553,-3.7335740000000004,2026-02-20 17:14:29.074150+00:00,31,87.1
"456 - Encomienda de Palacios, 8",7,16,40.4005,-3.6464000000000003,2026-02-20 17:14:29.074154+00:00,23,30.4
628  - Calle Arcaute 13,23,1,40.44358,-3.576652,2026-02-20 17:14:29.045741+00:00,24,95.8
314 - Av. Valladolid - Parque de la Bombilla,12,13,40.42966,-3.73068,2026-02-20 17:14:29.074117+00:00,25,48.0
454 - Gran Vía del Sureste - Las Suertes,26,1,40.3631604,-3.5897045000000003,2026-02-20 17:14:29.046295+00:00,27,96.3
134 - María de Guzmán - Agustín de Betancourt,17,6,40.4441818,-3.6955687,2026-02-20 17:14:29.073035+00:00,23,73.9
435 - San Claudio,10,15,40.38902883,-3.63953994,2026-02-20 17:14:29.073785+00:00,25,40.0
"313 - Juan XXIII, 24",2,25,40.448084,-3.7169358999999997,2026-02-20 17:14:29.074739+00:00,27,7.4
72 - Metro Sáinz de Baranda,5,18,40.415749,-3.669601,2026-02-20 17:14:29.046200+00:00,23,21.7
44 - Plaza de Nelson Mandela,1,17,40.40979071254635,-3.7038640533106597,2026-02-20 17:14:29.046149+00:00,18,5.6
139 - José Gutiérrez Abascal - Castellana,2,21,40.43939562033124,-3.690419307270818,2026-02-20 17:14:29.073047+00:00,23,8.7
"402 - Berrocal, 9",26,6,40.344115,-3.67615,2026-02-20 17:14:29.045892+00:00,32,81.2
190 - Velázquez - Diego de León,9,18,40.4343053,-3.6833753,2026-02-20 17:14:29.073208+00:00,27,33.3
497 - Metro Suances,14,9,40.4407,-3.6274,2026-02-20 17:14:29.073518+00:00,23,60.9
"576 - El Ferrol, 18",2,21,40.47431313,-3.70510525,2026-02-20 17:14:29.073806+00:00,23,8.7
52 - Plaza de Santa Ana,10,4,40.4144689,-3.7008558000000003,2026-02-20 17:14:29.046162+00:00,14,71.4
349 - Huerta de Castañeda 26,9,14,40.40622095698234,-3.74201882097404,2026-02-20 17:14:29.045965+00:00,23,39.1
494 - Metro Pinar de Chamartín,11,12,40.480694,-3.666529,2026-02-20 17:14:29.073970+00:00,23,47.8
186 - General Pardiñas - Don Ramón de la Cruz,5,17,40.4289804,-3.6783015999999997,2026-02-20 17:14:29.073055+00:00,22,22.7
528 - Albelda - Torrelaguna,9,15,40.4494225,-3.6573666,2026-02-20 17:14:29.045915+00:00,24,37.5
410 - Est. de tren de S. Cristóbal Industrial,6,16,40.3325463,-3.6992665,2026-02-20 17:14:29.046016+00:00,22,27.3
14 - Ventura Rodríguez,4,23,40.4260425,-3.7133069,2026-02-20 17:14:29.046068+00:00,27,14.8
79 - Metro Menéndez Pelayo,25,1,40.405110193977585,-3.680439824323069,2026-02-20 17:14:29.046216+00:00,26,96.2
165 - Entrada Matadero - Paseo de la Chopera,43,6,40.392888,-3.697596,2026-02-20 17:14:29.073118+00:00,49,87.8
206 - Metro Tetuán,2,20,40.46088,-3.69895,2026-02-20 17:14:29.073258+00:00,22,9.1
218 - Camino de los Vinateros A,9,14,40.4105478,-3.6572967,2026-02-20 17:14:29.073292+00:00,23,39.1
20 - Banco de España,1,21,40.4188076,-3.6952465,2026-02-20 17:14:29.046318+00:00,22,4.5
175 - Jaime el Conquistador - Divino Vallés,12,7,40.3962264,-3.6983445200000005,2026-02-20 17:14:29.074730+00:00,19,63.2
553 - María Portugal - Niceto Alcalá Zamora,9,12,40.499909,-3.658921,2026-02-20 17:14:29.045822+00:00,21,42.9
130 - Metro Ríos Rosas,0,23,40.44156,-3.7016399999999994,2026-02-20 17:14:29.073027+00:00,23,0.0
240 - Brasilia - Parque Breogán,9,13,40.43666,-3.66096,2026-02-20 17:14:29.073350+00:00,22,40.9
77 - Plaza del Conde de Casal,13,5,40.4064784,-3.6707132,2026-02-20 17:14:29.046213+00:00,18,72.2
363 - Metro Oporto,0,22,40.38745087,-3.72987333,2026-02-20 17:14:29.073942+00:00,22,0.0
202 - Parque de Santander,26,2,40.4413,-3.7083,2026-02-20 17:14:29.073247+00:00,28,92.9
129 - Metro Alonso Cano,5,21,40.4383865,-3.6982353,2026-02-20 17:14:29.073022+00:00,26,19.2
"632 - Avda. Campus Sur, 11",23,4,40.38668090972348,-3.630429825484225,2026-02-20 17:14:29.046338+00:00,27,85.2
223 - Ermita del Santo,10,14,40.406448,-3.724576,2026-02-20 17:14:29.073308+00:00,24,41.7
616 - Alcalde Martín de Alzaga,13,9,40.462899,-3.7171950000000002,2026-02-20 17:14:29.045768+00:00,22,59.1
180 - Estación Sur Méndez Álvaro B,23,0,40.3940423,-3.67589,2026-02-20 17:14:29.073171+00:00,23,100.0
510 - Metro Avenida de Guadalajara,7,15,40.42218968,-3.6134619899999993,2026-02-20 17:14:29.073824+00:00,22,31.8
483 - Marcelino Álvarez - Daroca,13,10,40.4297428,-3.6534324,2026-02-20 17:14:29.073472+00:00,23,56.5
23 - Santo Domingo,5,18,40.4202595,-3.708249,2026-02-20 17:14:29.046083+00:00,23,21.7
10 - Marqués de la Ensenada,7,15,40.425403,-3.6921040000000005,2026-02-20 17:14:29.046306+00:00,22,31.8
97 - Metro Príncipe de Vergara,27,0,40.4225364,-3.6802556,2026-02-20 17:14:29.046257+00:00,27,100.0
301 - Muller - Capitan Blanco Argibay,2,22,40.46518187,-3.69837565,2026-02-20 17:14:29.073727+00:00,24,8.3
501 - Metro Alsacia,5,17,40.4191,-3.6241999999999996,2026-02-20 17:14:29.073511+00:00,22,22.7
337 - Metro Aluche,6,12,40.38614104,-3.7604892299999997,2026-02-20 17:14:29.074094+00:00,18,33.3
131 - Plaza de Juan Zorrilla,0,23,40.4417884,-3.7040312299999996,2026-02-20 17:14:29.074158+00:00,23,0.0
113 - Teleférico Madrid - Estación Rosales,12,12,40.427538,-3.7207263,2026-02-20 17:14:29.046366+00:00,24,50.0
517 - San Mariano - Circe,0,26,40.44175279,-3.61190481,2026-02-20 17:14:29.074564+00:00,26,0.0
112 - Paseo de Moret - Parque del Oeste,9,14,40.4326901,-3.7247360000000005,2026-02-20 17:14:29.046363+00:00,23,39.1
225 - Sierra Toledana - Doctor Lozano,19,6,40.402506,-3.660345,2026-02-20 17:14:29.074459+00:00,25,76.0
228 - San Delfín - Antonio López,14,7,40.39440607959559,-3.7080429728445568,2026-02-20 17:14:29.073322+00:00,21,66.7
392 - Metro Almendrales,19,3,40.38268,-3.697856,2026-02-20 17:14:29.073572+00:00,22,86.4
492 - Metro La Almudena,11,13,40.42466356,-3.6394989099999995,2026-02-20 17:14:29.073564+00:00,24,45.8
"118 - OFICINA DEL SER, APR Y BICIREGISTRO",2,22,40.400781,-3.6882407,2026-02-20 17:14:29.072949+00:00,24,8.3
181 - Ibiza - Narváez,1,21,40.41816932665331,-3.6764435404754696,2026-02-20 17:14:29.073174+00:00,22,4.5
287 - Metro Bambú,6,17,40.4765,-3.6762,2026-02-20 17:14:29.073491+00:00,23,26.1
235 - Sodio - Embajadores,23,1,40.389041,-3.691076,2026-02-20 17:14:29.073338+00:00,24,95.8
412 - Estación de tren de Puente de Alcocer,1,21,40.3500291,-3.7043083000000006,2026-02-20 17:14:29.045942+00:00,22,4.5
168 - Santa María Cabeza - Batalla del Salado,23,10,40.4046,-3.6959,2026-02-20 17:14:29.073134+00:00,33,69.7
"238 - San Germán, 5",9,14,40.4561825,-3.6932611,2026-02-20 17:14:29.073343+00:00,23,39.1
498 - Metro Torre Arias,13,11,40.44313349999999,-3.6178316999999995,2026-02-20 17:14:29.074320+00:00,24,54.2
312 - Metro Batán,1,26,40.4077495,-3.7528559,2026-02-20 17:14:29.045918+00:00,27,3.7
491 - Esteban Collantes - José Arcones Gil,4,20,40.432883,-3.6376629999999994,2026-02-20 17:14:29.074686+00:00,24,16.7
119 - Méndez Álvaro,2,19,40.4012905,-3.6862652999999996,2026-02-20 17:14:29.072957+00:00,21,9.5
255 - General López Pozas - Apolonio Morales,4,19,40.46361,-3.685292,2026-02-20 17:14:29.073405+00:00,23,17.4
"76 - Avenida del Mediterráneo, 19",12,12,40.407271,-3.6751020000000003,2026-02-20 17:14:29.074690+00:00,24,50.0
458 - Metro Vinateros,13,11,40.40991083,-3.6525660400000004,2026-02-20 17:14:29.073684+00:00,24,54.2
631 -  CAMPUS SUR 2,19,1,40.38340792442376,-3.624811620840096,2026-02-20 17:14:29.046292+00:00,20,95.0
484 - Metro García Noblejas,6,17,40.42893071,-3.6323890000000003,2026-02-20 17:14:29.073476+00:00,23,26.1
167 - Segovia 45,27,5,40.41374770742206,-3.7174891703237303,2026-02-20 17:14:29.073126+00:00,32,84.4
173 - Paseo Esperanza - Santa María Cabeza,8,16,40.3983467,-3.7024839,2026-02-20 17:14:29.073154+00:00,24,33.3
577 - Monforte de Lemos - Plaza de Mondariz,5,18,40.47899993,-3.70566914,2026-02-20 17:14:29.073809+00:00,23,21.7
141 - Plaza de Emilio Castelar,3,9,40.4354047,-3.6893917,2026-02-20 17:14:29.074272+00:00,12,25.0
"344 - Ocaña, 103",3,19,40.38586273,-3.75292035,2026-02-20 17:14:29.074113+00:00,22,13.6
471 - Molino Viejo - Minerva,17,2,40.396301,-3.60666,2026-02-20 17:14:29.046035+00:00,19,89.5
"371 - Joaquin Turina, 49",7,18,40.372458,-3.7618199999999997,2026-02-20 17:14:29.074019+00:00,25,28.0
470 - Avenida Real - Galeote,5,13,40.4021519,-3.6063672000000007,2026-02-20 17:14:29.074464+00:00,18,27.8
63 - Hospital Gral. Uni. Gregorio Marañón,6,16,40.4179237,-3.6708958999999997,2026-02-20 17:14:29.046188+00:00,22,27.3
208 - Intercambiador de Plaza de Castilla,12,4,40.4662811,-3.6890611,2026-02-20 17:14:29.073262+00:00,16,75.0
570 - Uni. Autónoma Madrid - Facul. Medicina,1,26,40.4815,-3.6938,2026-02-20 17:14:29.074705+00:00,27,3.7
253 - Doctor Fleming - Estadio S. Bernabéu,19,0,40.45546,-3.6884400000000004,2026-02-20 17:14:29.074264+00:00,19,100.0
541 - Metro Pinar del Rey,4,18,40.4682706,-3.6468591,2026-02-20 17:14:29.045811+00:00,22,18.2
222 - Eugenio Caxes - Antonio López,16,6,40.3917871,-3.7026789,2026-02-20 17:14:29.073305+00:00,22,72.7
256 - Reina Victoria - Beatriz de Bobadilla,3,19,40.44635,-3.7138299999999997,2026-02-20 17:14:29.073408+00:00,22,13.6
573 - Melchor Fernández Almagro - Villa Marín,10,14,40.47772776,-3.69962571,2026-02-20 17:14:29.073704+00:00,24,41.7
110 - Intercambiador de Moncloa,11,12,40.434745,-3.7201021,2026-02-20 17:14:29.046357+00:00,23,47.8
115 - Ferraz - Templo de Debod,22,1,40.42531476841791,-3.7170515055225373,2026-02-20 17:14:29.046373+00:00,23,95.7
217 - Hospital Universitario La Paz,0,23,40.480884,-3.6890757999999995,2026-02-20 17:14:29.073288+00:00,23,0.0
357 - Sorbe - Baleares,12,12,40.3898701,-3.7132091699999994,2026-02-20 17:14:29.073758+00:00,24,50.0
"35 - Doctor Letamendi, 3",0,21,40.41369072326586,-3.710062961307532,2026-02-20 17:14:29.046124+00:00,21,0.0
367 - Metro San Francisco,3,20,40.373972,-3.7398400000000005,2026-02-20 17:14:29.046007+00:00,23,13.0
495 - Caleruega,2,22,40.478611,-3.6704759999999994,2026-02-20 17:14:29.074066+00:00,24,8.3
230 - Carlota O´Neill - Agastia,5,19,40.4436792,-3.6488254,2026-02-20 17:14:29.073330+00:00,24,20.8
389 - Julio Merino - Pilarica,6,17,40.3831,-3.7032,2026-02-20 17:14:29.073529+00:00,23,26.1
261 - Ciudad Universitaria - Facultad Derecho,23,5,40.4505516,-3.7296756,2026-02-20 17:14:29.073419+00:00,28,82.1
506 - Albarracín - Julián Camarillo,0,24,40.43397327,-3.6325164100000005,2026-02-20 17:14:29.073777+00:00,24,0.0
70 - Hospital Uni. Infantil Niño Jesús,1,24,40.415382385574716,-3.677872542327878,2026-02-20 17:14:29.046194+00:00,25,4.0
531 - Metro Parque de Santa María,0,17,40.4768782,-3.6450740999999995,2026-02-20 17:14:29.073883+00:00,17,0.0
155 - San Germán 57,12,11,40.4573342300643,-3.700930190178302,2026-02-20 17:14:29.074726+00:00,23,52.2
476 - Metro Avenida de la Paz,2,19,40.453493,-3.662016,2026-02-20 17:14:29.073449+00:00,21,9.5
305 - Intercambiador de Príncipe Pío B,21,1,40.42276114,-3.72317757,2026-02-20 17:14:29.074236+00:00,22,95.5
548 - Eduardo Mazón - Guadalajara,2,21,40.4521484,-3.6154156999999993,2026-02-20 17:14:29.046102+00:00,23,8.7
432 - Maquinilla - Tranvía Blanco,11,13,40.38071154157505,-3.63660359830116,2026-02-20 17:14:29.073556+00:00,24,45.8
390 - Avena - Mijo,17,6,40.3773,-3.7159000000000004,2026-02-20 17:14:29.073533+00:00,23,73.9
459 - Moratalaz,11,14,40.40750626,-3.66000272,2026-02-20 17:14:29.073688+00:00,25,44.0
280 - Ps de los Melancólicos - San Epifanio,14,11,40.401782,-3.7185689999999996,2026-02-20 17:14:29.074764+00:00,25,56.0
128 - Metro Islas Filipinas,6,19,40.43898707086967,-3.7155501460158344,2026-02-20 17:14:29.074191+00:00,25,24.0
233 - El dragón de La Elipa,12,11,40.4229522,-3.6555789000000005,2026-02-20 17:14:29.074682+00:00,23,52.2
295 - Hernani - Edgar Neville,3,18,40.4481,-3.6972000000000005,2026-02-20 17:14:29.073540+00:00,21,14.3
354 - Jacinto Verdaguer - Lola de Membrives,10,12,40.39593854704345,-3.7160526116262793,2026-02-20 17:14:29.045776+00:00,22,45.5
302 - Ps. Dirección B - Pque A. Rguez Sahagún,10,13,40.4700119631765,-3.7043063693809493,2026-02-20 17:14:29.073789+00:00,23,43.5
117 - Altamirano  - Martín de los Heros,17,7,40.4309797,-3.7188898000000004,2026-02-20 17:14:29.046382+00:00,24,70.8
292 - Centro Deportivo Municipal Pradillo,12,11,40.44904126,-3.6717937,2026-02-20 17:14:29.073966+00:00,23,52.2
568 - IFEMA A,10,17,40.4632802,-3.6178336,2026-02-20 17:14:29.045969+00:00,27,37.0
249 - Castellana - Cuatro Torres,12,10,40.47645878644506,-3.685419182838061,2026-02-20 17:14:29.073385+00:00,22,54.5
212 - Metro Marqués de Vadillo,3,23,40.398247,-3.7165910000000006,2026-02-20 17:14:29.074552+00:00,26,11.5
68 - Espalter - Ruiz de Alarcón,11,9,40.4127692,-3.6913231999999994,2026-02-20 17:14:29.046322+00:00,20,55.0
530 - Metro Mar de Cristal,18,7,40.4685745,-3.6378834900000006,2026-02-20 17:14:29.073879+00:00,25,72.0
159 - Paseo de la Habana 63,20,2,40.4543852,-3.6835925999999994,2026-02-20 17:14:29.073092+00:00,22,90.9
41 - Metro Antón Martín,6,12,40.4122047,-3.6991147000000004,2026-02-20 17:14:29.046139+00:00,18,33.3
"105 - Serrano, 46",15,10,40.4270832,-3.6875418000000004,2026-02-20 17:14:29.074510+00:00,25,60.0
1 - Metro Sol,4,19,40.416465,-3.7054098,2026-02-20 17:14:29.074364+00:00,23,17.4
618 - Calle Paterna 55,6,12,40.340613,-3.68482,2026-02-20 17:14:29.045729+00:00,18,33.3
"395 - Guetaria, 84B",13,11,40.36916772,-3.71569102,2026-02-20 17:14:29.046099+00:00,24,54.2
"603 - Castiello de Jaca, 14",3,20,40.5091982,-3.6782027,2026-02-20 17:14:29.045829+00:00,23,13.0
29 - Marqués de Cubas,0,22,40.4163838,-3.6957434000000005,2026-02-20 17:14:29.074390+00:00,22,0.0
55 - Plaza de San Ildefonso,7,14,40.4239757,-3.7020842,2026-02-20 17:14:29.046172+00:00,21,33.3
549 - Francisco Pi y Maragall,5,14,40.4866354,-3.6503543999999994,2026-02-20 17:14:29.045783+00:00,19,26.3
57 - Santa Cruz de Marcenado,8,15,40.4295658,-3.7126299,2026-02-20 17:14:29.046175+00:00,23,34.8
89 - Ayala - Conde de Peñalver,4,19,40.4272582,-3.6752024,2026-02-20 17:14:29.046237+00:00,23,17.4
47 - Renfe/Cercanías Embajadores,8,14,40.4045772,-3.7027998,2026-02-20 17:14:29.074315+00:00,22,36.4
535 - Metro Canillas,10,16,40.463575,-3.634999,2026-02-20 17:14:29.073923+00:00,26,38.5
486 - Serrano Galvache - Arturo Soria,2,20,40.471382,-3.6679379,2026-02-20 17:14:29.073605+00:00,22,9.1
385 - Estación de tren Orcasitas,3,19,40.36721104,-3.7038867099999995,2026-02-20 17:14:29.073430+00:00,22,13.6
122 - Santa Engracia - Zurbarán,0,21,40.4295362,-3.6963659,2026-02-20 17:14:29.073002+00:00,21,0.0
81 - Cuesta de Moyano,8,16,40.40934261188139,-3.691833220071059,2026-02-20 17:14:29.046328+00:00,24,33.3
446 - C. Deportivo Mpal. Miguel Guillén Prim,23,0,40.373826,-3.6236297000000004,2026-02-20 17:14:29.074229+00:00,23,100.0
306 - Centro Deportivo Mpal Fernando Martín,17,5,40.4617959,-3.7121965,2026-02-20 17:14:29.073601+00:00,22,77.3
477 - Metro Ciudad Lineal,4,19,40.438278,-3.6389040000000006,2026-02-20 17:14:29.073453+00:00,23,17.4
537 - Plaza López de la Plata,17,10,40.45841466,-3.6257943900000003,2026-02-20 17:14:29.073954+00:00,27,63.0
293 - Santa Rita - Clara del Rey,8,13,40.4457928,-3.6682881999999997,2026-02-20 17:14:29.046105+00:00,21,38.1
428 - Estadio de Vallecas,0,24,40.3919,-3.6570999999999994,2026-02-20 17:14:29.073648+00:00,24,0.0
86 - Cibeles,2,21,40.4186516,-3.6933498,2026-02-20 17:14:29.074292+00:00,23,8.7
229 - Centro Deportivo Municipal Concepción,10,13,40.4369378,-3.6486508,2026-02-20 17:14:29.073326+00:00,23,43.5
"335 - Cardaño, 10",6,18,40.39659757,-3.7705754100000006,2026-02-20 17:14:29.074055+00:00,24,25.0
82 - Doctor Esquerdo - Metro Conde de Casal,21,3,40.4084556,-3.6697526,2026-02-20 17:14:29.074341+00:00,24,87.5
629 - Avda de Fermina Sevillano 23,20,3,40.44477,-3.568829,2026-02-20 17:14:29.045857+00:00,23,87.0
504 - Biblioteca Pública Municipal San Blas,3,21,40.42309928573645,-3.623466935545257,2026-02-20 17:14:29.074603+00:00,24,12.5
578 - Sierra de Atapuerca - Viloria de Rioja,14,8,40.50292982,-3.6704248799999997,2026-02-20 17:14:29.046010+00:00,22,63.6
587 - Metro Paco de Lucía,20,7,40.49892399,-3.7086574400000005,2026-02-20 17:14:29.073920+00:00,27,74.1
350 - Ervigio - Amalarico,7,16,40.3947,-3.7315,2026-02-20 17:14:29.073526+00:00,23,30.4
121 - Glorieta de Santa María de la Cabeza,25,3,40.4017487,-3.6986027000000004,2026-02-20 17:14:29.074275+00:00,28,89.3
331 - Valmojado,5,19,40.39649629,-3.75757186,2026-02-20 17:14:29.073934+00:00,24,20.8
542 - Intercambiador de Valdebebas,5,17,40.483962,-3.6157089999999994,2026-02-20 17:14:29.045876+00:00,22,22.7
524 - Glorieta Luis Rosales,5,16,40.4673,-3.6542999999999997,2026-02-20 17:14:29.074173+00:00,21,23.8
346 - Metro Empalme,1,22,40.3907438,-3.7664844,2026-02-20 17:14:29.074203+00:00,23,4.3
569 - C. Deportivo Mpal. Vicente del Bosque,21,1,40.4795,-3.6964999999999995,2026-02-20 17:14:29.073589+00:00,22,95.5
462 - Gallegos - Lavadero Viejo,11,12,40.40240379,-3.6102747000000006,2026-02-20 17:14:29.074481+00:00,23,47.8
33 - Puerta del Sol,18,3,40.4165363,-3.7032264,2026-02-20 17:14:29.074628+00:00,21,85.7
325 - Ps. Jesuitas - Pza. Cerro Bermejo,4,19,40.4106918,-3.7305543000000005,2026-02-20 17:14:29.074502+00:00,23,17.4
19 - Prim,16,12,40.4218616,-3.6954982999999997,2026-02-20 17:14:29.046080+00:00,28,57.1
330 - Duquesa de Parcent - Marcelino Castillo,0,20,40.39500224,-3.7447281,2026-02-20 17:14:29.073931+00:00,20,0.0
469 - C. Deportivo Mpal Faustina Valladolid,12,7,40.40343,-3.6229899999999997,2026-02-20 17:14:29.074407+00:00,19,63.2
"422 - Travesia de Palomeras, 7",5,19,40.39017003,-3.6705179,2026-02-20 17:14:29.073622+00:00,24,20.8
163 - Metro Acacias,4,14,40.4037586,-3.7064450000000004,2026-02-20 17:14:29.073109+00:00,18,22.2
125 - Fdez. de la Hoz - Gral. Martínez Campos,5,20,40.4353,-3.6948,2026-02-20 17:14:29.073011+00:00,25,20.0
523 - Carretera de Canillas,3,19,40.4628701,-3.65089253,2026-02-20 17:14:29.073480+00:00,22,13.6
38 - Plaza de los Carros,11,14,40.4113586,-3.7115898000000005,2026-02-20 17:14:29.074304+00:00,25,44.0
359 - El Toboso - Zaida,4,19,40.3929901,-3.7363397,2026-02-20 17:14:29.073844+00:00,23,17.4
557 - Metro Alameda de Osuna,15,8,40.45746674,-3.5881514300000004,2026-02-20 17:14:29.073871+00:00,23,65.2
176 - Plaza de la Beata María Ana de Jesús,6,16,40.3941856,-3.6939412,2026-02-20 17:14:29.045850+00:00,22,27.3
114 - Quintana - Juan Álvarez de Mendizábal,23,0,40.4278379,-3.7174631000000002,2026-02-20 17:14:29.046369+00:00,23,100.0
83 - Pío Baroja,4,18,40.4132995,-3.6744795,2026-02-20 17:14:29.046219+00:00,22,18.2
509 - Amposta - Arcos de Jalón,11,11,40.42218951,-3.61865045,2026-02-20 17:14:29.074750+00:00,22,50.0
288 - Caídos de la División Azul,1,21,40.4664,-3.6723,2026-02-20 17:14:29.073495+00:00,22,4.5
487 - Manuel Uribe - Arturo Soria,9,14,40.46434131,-3.66503419,2026-02-20 17:14:29.073614+00:00,23,39.1
593 - Metro Avenida de la Ilustración,15,9,40.48027409,-3.7186906700000004,2026-02-20 17:14:29.074746+00:00,24,62.5
619 - Cooperativa Electrica 13,6,17,40.374387,-3.6596330000000004,2026-02-20 17:14:29.045744+00:00,23,26.1
116B - Metro Plaza de España,5,13,40.423684,-3.71046,2026-02-20 17:14:29.046379+00:00,18,27.8
366 - Metro Carabanchel,4,19,40.387737,-3.7445210000000007,2026-02-20 17:14:29.074195+00:00,23,17.4
388 - Estación tren - Hospital 12 de Octubre,12,12,40.37837955,-3.7004147799999996,2026-02-20 17:14:29.073427+00:00,24,50.0
281 - Reina Cristina - Julián Gayarre,18,8,40.4067247,-3.6831862,2026-02-20 17:14:29.074472+00:00,26,69.2
143 - Diego de León - General Pardiñas,4,18,40.434676,-3.6780802000000006,2026-02-20 17:14:29.073193+00:00,22,18.2
245 - Galileo - Donoso Cortés,1,23,40.4363637,-3.7101381,2026-02-20 17:14:29.073370+00:00,24,4.2
108 - Mártires Concepcionistas - Alcalá,2,20,40.427402,-3.6706519999999996,2026-02-20 17:14:29.046350+00:00,22,9.1
"556 - Cantabria, 6",6,18,40.45462514,-3.5877220100000002,2026-02-20 17:14:29.074218+00:00,24,25.0
31 - Mayor,6,19,40.4163638,-3.7068969,2026-02-20 17:14:29.074359+00:00,25,24.0
447 - Adolfo Bioy Casares - Las Suertes,21,6,40.3668504,-3.5981935,2026-02-20 17:14:29.074214+00:00,27,77.8
161 - Intercambiador de Príncipe Pío A,17,9,40.422192474165534,-3.7220993214090403,2026-02-20 17:14:29.073101+00:00,26,65.4
634 - Centro Operaciones EMT Entrevías,23,2,40.3730450282904,-3.6769763004713902,2026-02-20 17:14:29.074416+00:00,25,92.0
499 - Biblioteca Pública Municipal Canillejas,10,12,40.4466561,-3.6121996,2026-02-20 17:14:29.073515+00:00,22,45.5
169 - Glorieta de Pirámides,14,10,40.401589,-3.713823,2026-02-20 17:14:29.073138+00:00,24,58.3
521 - Metro Las Rosas,9,16,40.423893,-3.6048180999999997,2026-02-20 17:14:29.074590+00:00,25,36.0
"279 - Paseo de los Melancólicos, 1",12,8,40.4104448,-3.7184815999999996,2026-02-20 17:14:29.045786+00:00,20,60.0
193 - Plaza de las Ventas,8,18,40.4324722,-3.6655555,2026-02-20 17:14:29.073216+00:00,26,30.8
384 - Metro Usera,23,1,40.38707469,-3.7061449,2026-02-20 17:14:29.073423+00:00,24,95.8
438 - Biblioteca Pública Luis Martín Santos,5,20,40.3804482,-3.6140607000000005,2026-02-20 17:14:29.046273+00:00,25,20.0
586 - Caldas Estrach - San Cugat del Vallés,2,20,40.4963916,-3.6974724999999995,2026-02-20 17:14:29.073911+00:00,22,9.1
145 - Ortega y Gasset 87,0,23,40.429887,-3.6712823,2026-02-20 17:14:29.074420+00:00,23,0.0
551 - Oña,0,21,40.4891872,-3.6658565,2026-02-20 17:14:29.045869+00:00,21,0.0
512 - Semilla - Aparejadores,7,16,40.42667885,-3.61537023,2026-02-20 17:14:29.073832+00:00,23,30.4
48 - Juan Sebastián Elcano,4,19,40.4040433,-3.701321,2026-02-20 17:14:29.046155+00:00,23,17.4
177 - Metro Legazpi,23,1,40.391447085678806,-3.6941876374343896,2026-02-20 17:14:29.073163+00:00,24,95.8
198 - Metro Rubén Darío,11,11,40.432,-3.6890999999999994,2026-02-20 17:14:29.073237+00:00,22,50.0
74 - Parque Retiro - Jardines Cecilio Rguez,17,9,40.41206290978386,-3.6765887637889834,2026-02-20 17:14:29.046206+00:00,26,65.4
516 - Juan Ignacio Luca Tena - Quinta Molinos,0,25,40.44796778,-3.6311025499999996,2026-02-20 17:14:29.074006+00:00,25,0.0
51 - Ronda de Atocha,2,24,40.40775564657782,-3.6934856312828,2026-02-20 17:14:29.046332+00:00,26,7.7
43 - Jesús y María,8,10,40.4100387,-3.7024709999999996,2026-02-20 17:14:29.046146+00:00,18,44.4
511 - Aquitania 31,7,20,40.41912347,-3.61726728,2026-02-20 17:14:29.073828+00:00,27,25.9
584 - Metro Montecarmelo,1,23,40.50501029,-3.6960334500000003,2026-02-20 17:14:29.073904+00:00,24,4.2
474 - Estación de tren de Vicálvaro,26,1,40.402255,-3.596875,2026-02-20 17:14:29.045807+00:00,27,96.3
17 - Plaza de Carlos Cambronero,0,19,40.4228028680601,-3.7050511289749055,2026-02-20 17:14:29.046074+00:00,19,0.0
106A - Plaza de Colón A,10,9,40.424924,-3.687807,2026-02-20 17:14:29.073891+00:00,19,52.6
133 - Raimundo Fdez. Villaverde - Dulcinea,3,21,40.447125,-3.7001669,2026-02-20 17:14:29.073031+00:00,24,12.5
297 - Simancas - Pinos Alta,9,13,40.4655,-3.6951129800000007,2026-02-20 17:14:29.073547+00:00,22,40.9
135 - Plaza de San Juan de la Cruz,12,10,40.441481,-3.692734,2026-02-20 17:14:29.073039+00:00,22,54.5
98 - Plaza de Felipe II,11,12,40.4241325,-3.6757676,2026-02-20 17:14:29.074736+00:00,23,47.8
"427 - Andaluces, 2",13,11,40.3914244,-3.64148304,2026-02-20 17:14:29.073643+00:00,24,54.2
54 - Metro Tribunal,18,1,40.426599101766264,-3.700392997553259,2026-02-20 17:14:29.046169+00:00,19,94.7
96 - Alcalá - Castelló,10,17,40.42201515498424,-3.682204798770403,2026-02-20 17:14:29.046253+00:00,27,37.0
205 - Metro Estrecho,2,21,40.4535,-3.7032776999999997,2026-02-20 17:14:29.073255+00:00,23,8.7
171 - Embajadores-Cáceres,10,17,40.3997013,-3.6984023000000006,2026-02-20 17:14:29.074288+00:00,27,37.0
144 - Metro Diego de León,6,19,40.4324081,-3.675556,2026-02-20 17:14:29.073059+00:00,25,24.0
"332 - Los Yébenes, 159",2,20,40.39302789,-3.75181704,2026-02-20 17:14:29.073938+00:00,22,9.1
322 - Ps. Jesuitas - Mercado Alto Extremadura,12,15,40.408,-3.7350999999999996,2026-02-20 17:14:29.073569+00:00,27,44.4
251 - Santa Hortensia - Corazón de María,10,12,40.44421,-3.66683,2026-02-20 17:14:29.073393+00:00,22,45.5
481 - Diego Ayllón - Arturo Soria,8,15,40.45117857,-3.6521906299999998,2026-02-20 17:14:29.073461+00:00,23,34.8
"443 - Fuentespina, 33",0,23,40.37941487,-3.6072475500000003,2026-02-20 17:14:29.073863+00:00,23,0.0
478 - José del Hierro - Misterios,1,21,40.44152084,-3.6410572000000005,2026-02-20 17:14:29.074790+00:00,22,4.5
236 - Paseo Imperial,14,15,40.4075794,-3.7170785,2026-02-20 17:14:29.074787+00:00,29,48.3
"393 - Manuel Noya , 29",3,20,40.3853787,-3.7117979,2026-02-20 17:14:29.073652+00:00,23,13.0
209 - Plaza de Castilla - Fundación Canal,10,14,40.4657,-3.6887000000000003,2026-02-20 17:14:29.073266+00:00,24,41.7
102 - Metro Retiro,2,21,40.4211845,-3.6842317,2026-02-20 17:14:29.046266+00:00,23,8.7
"394 - Periana, 24",24,1,40.36672327,-3.6876580500000005,2026-02-20 17:14:29.073735+00:00,25,96.0
232 - José María de Pereda - Alcalá,3,24,40.4327663,-3.6486169000000004,2026-02-20 17:14:29.074767+00:00,27,11.1
90 - Metro Velázquez,7,18,40.4251493,-3.6838415999999996,2026-02-20 17:14:29.046240+00:00,25,28.0
"362 - Hilario Herranz Establos, 36",22,7,40.372839,-3.7266379999999995,2026-02-20 17:14:29.073867+00:00,29,75.9
370 - Avefría - Plaza de Tarifa,4,18,40.38386939,-3.7308024999999994,2026-02-20 17:14:29.074011+00:00,22,18.2
"382 -Parque Eugenia de Montijo, 2",3,21,40.3783501,-3.7545821999999998,2026-02-20 17:14:29.046013+00:00,24,12.5
201 - Metro Canal,10,12,40.4386944,-3.7038332999999994,2026-02-20 17:14:29.074345+00:00,22,45.5
546 - Andorra - Canillas,6,17,40.4628976,-3.6467519000000004,2026-02-20 17:14:29.045815+00:00,23,26.1
329 - Metro Laguna,1,22,40.3988162,-3.7444520800000003,2026-02-20 17:14:29.074556+00:00,23,4.3
"505 - Castillo de Uclés, 37",9,15,40.4315255,-3.62306578,2026-02-20 17:14:29.073781+00:00,24,37.5
45 - Metro Puerta de Toledo,2,14,40.4068659,-3.7111033999999994,2026-02-20 17:14:29.046152+00:00,16,12.5
599 - Instalación Deportiva La Cabrera,7,20,40.47223267,-3.7192044300000004,2026-02-20 17:14:29.074105+00:00,27,25.9
"457 - Hacienda de Pavones, 148",1,22,40.4026,-3.6419,2026-02-20 17:14:29.073552+00:00,23,4.3
527 - Velacho Alto - Trinquete,11,12,40.47250314,-3.6592688399999997,2026-02-20 17:14:29.073747+00:00,23,47.8
65 - Parque del Retiro - Calle Antonio Maura,24,1,40.4167014469994,-3.6894247979427686,2026-02-20 17:14:29.074468+00:00,25,96.0
"500 - Aracne, 17",12,15,40.445,-3.5895,2026-02-20 17:14:29.074377+00:00,27,44.4
244 - Hospital Clínico San Carlos,0,23,40.44003,-3.71757,2026-02-20 17:14:29.073366+00:00,23,0.0
316 - C. Deportivo Mpal. Ciudad De Los Poetas,3,15,40.46439687,-3.71995383,2026-02-20 17:14:29.074447+00:00,18,16.7
326 - Metro Alto de Extremadura,1,23,40.40937950320982,-3.739615781020349,2026-02-20 17:14:29.074599+00:00,24,4.2
"519 - Troya, 11",4,20,40.43699597,-3.61191521,2026-02-20 17:14:29.074059+00:00,24,16.7
196 - Metro Prosperidad,12,14,40.4442237,-3.6752218,2026-02-20 17:14:29.073229+00:00,26,46.2
154 - Orense 36,2,22,40.4548456,-3.6946218,2026-02-20 17:14:29.073079+00:00,24,8.3
334 - Metro Campamento,5,18,40.39497294,-3.76815631,2026-02-20 17:14:29.074052+00:00,23,21.7
441 - Estación de tren de Santa Eugenia,5,18,40.38600753,-3.6094815299999996,2026-02-20 17:14:29.073855+00:00,23,21.7
78 - Metro Pacífico,27,0,40.40063747422422,-3.674524060049444,2026-02-20 17:14:29.074395+00:00,27,100.0
544 - Gregorio Sánchez Herráez 14,10,13,40.477248,-3.6365700000000003,2026-02-20 17:14:29.045867+00:00,23,43.5
"424 - Camino de Valderribas, 47",24,4,40.4002231,-3.663958,2026-02-20 17:14:29.073631+00:00,28,85.7
571 - Melchor Fernández Almagro - Plaza Tuy,5,18,40.4756475,-3.710326199999999,2026-02-20 17:14:29.073592+00:00,23,21.7
621 - Calle Montiel 27,0,23,40.381382,-3.672609,2026-02-20 17:14:29.045860+00:00,23,0.0
625 - Avenida de Miguel Delibes 49,13,7,40.405505,-3.560344,2026-02-20 17:14:29.045760+00:00,20,65.0
348 - José de Cadalso - Rafael Finat,9,18,40.37959145,-3.7702477799999996,2026-02-20 17:14:29.074585+00:00,27,33.3
525 - Metro Manoteras,5,19,40.47675499,-3.6626902900000005,2026-02-20 17:14:29.073668+00:00,24,20.8
613 - Facultad de informática,6,16,40.453109,-3.7348129999999995,2026-02-20 17:14:29.045764+00:00,22,27.3
289 - Luis de Salazar - Padre Claret,21,4,40.4474166,-3.6649258000000002,2026-02-20 17:14:29.074412+00:00,25,84.0
27 - Huertas,5,22,40.4133,-3.6957000000000004,2026-02-20 17:14:29.046347+00:00,27,18.5
224 - Parque de Caramuel,25,2,40.409,-3.7287000000000003,2026-02-20 17:14:29.073313+00:00,27,92.6
620 - Calle Cazorla 79,13,10,40.376297,-3.6658859999999995,2026-02-20 17:14:29.074506+00:00,23,56.5
213 - Glorieta de Cádiz,16,7,40.3889918,-3.7002247,2026-02-20 17:14:29.073274+00:00,23,69.6
361 - Metro Pan Bendito,1,21,40.37734672,-3.73266666,2026-02-20 17:14:29.073851+00:00,22,4.5
341 - Escalona - Seseña,7,19,40.39834576,-3.76182259,2026-02-20 17:14:29.074719+00:00,26,26.9
408 - Metro San Cristóbal,7,16,40.341725,-3.692444,2026-02-20 17:14:29.074142+00:00,23,30.4
630 - Calle de Febrero 4,18,4,40.446868,-3.573031,2026-02-20 17:14:29.045854+00:00,22,81.8
579 - Maria Tubau - Isabel Colbrand,0,23,40.51399230680476,-3.671703587033564,2026-02-20 17:14:29.074679+00:00,23,0.0
596 - Metro Lacoma,15,9,40.4855158,-3.7228461000000004,2026-02-20 17:14:29.074794+00:00,24,62.5
195 - Indalecio Hernández - Mataelpino,7,16,40.4392222,-3.6754444,2026-02-20 17:14:29.073224+00:00,23,30.4
552 - Ana de Austria - Ignacio Aldecoa,1,25,40.4994394,-3.6531502,2026-02-20 17:14:29.045873+00:00,26,3.8
567 - Plaza Mayor de Barajas,17,7,40.4733252,-3.5776537,2026-02-20 17:14:29.045951+00:00,24,70.8
99 - Alcántara - Hermosilla,5,17,40.4260391,-3.6740178,2026-02-20 17:14:29.046260+00:00,22,22.7
2 - Metro Callao,6,20,40.4204,-3.7056899999999997,2026-02-20 17:14:29.046289+00:00,26,23.1
520 - Niza - Plaza de Grecia,9,14,40.4342806,-3.6081157800000003,2026-02-20 17:14:29.046108+00:00,23,39.1
540 - Estación de tren Fuente de la Mora,9,14,40.4845596,-3.6636484,2026-02-20 17:14:29.074087+00:00,23,39.1
"199 - Fernando el Católico, 61",27,0,40.4343611,-3.7149166,2026-02-20 17:14:29.073240+00:00,27,100.0
480 - Vicente Muzas - Arturo Soria,7,15,40.45903315,-3.6604425500000004,2026-02-20 17:14:29.074438+00:00,22,31.8
339 - Estación de tren Las Águilas,3,20,40.38132642,-3.78061952,2026-02-20 17:14:29.074240+00:00,23,13.0
160 - Metro Colombia,14,8,40.4572466,-3.6763439,2026-02-20 17:14:29.073096+00:00,22,63.6
"545 - Zapatoca, 8",12,9,40.47285235,-3.63335803,2026-02-20 17:14:29.045948+00:00,21,57.1
207 - Plaza de la Remonta,12,7,40.4630443,-3.6973352000000004,2026-02-20 17:14:29.074252+00:00,19,63.2
260 - Ciudad Universitaria - Fac. de Biología,3,21,40.4483322,-3.7272945,2026-02-20 17:14:29.074797+00:00,24,12.5
234 - Metro La Elipa,1,22,40.4261278,-3.6510917000000003,2026-02-20 17:14:29.074540+00:00,23,4.3
182 - Parque Roma,10,12,40.4186666,-3.6657776999999996,2026-02-20 17:14:29.073178+00:00,22,45.5
270 - Teresa L. Valcárcel - Tte. Cnel. Noreña,15,9,40.38862908,-3.69328771,2026-02-20 17:14:29.074773+00:00,24,62.5
461 - Plaza Corregidor Ldo. Antonio de Mena,2,20,40.4099,-3.6408,2026-02-20 17:14:29.073692+00:00,22,9.1
239 - Francos Rodríguez - José Calvo,7,15,40.4567132,-3.7078331000000007,2026-02-20 17:14:29.073346+00:00,22,31.8
347 - Est. tren Mtra Justa Freire-Poli Aluche,18,4,40.383554,-3.7686029999999997,2026-02-20 17:14:29.074569+00:00,22,81.8
92 - Claudio Coello - Hermosilla,16,6,40.4262945,-3.6865463,2026-02-20 17:14:29.046246+00:00,22,72.7
"327 - El Greco, 27 - C. Cultural El Greco",9,15,40.40741199,-3.7472615299999994,2026-02-20 17:14:29.073680+00:00,24,37.5
263 - Gran Vía de San Francisco,7,17,40.40833880815136,-3.712793282384579,2026-02-20 17:14:29.045905+00:00,24,29.2
627 - Alcalde Andrés Madrid Dávila 92,13,10,40.398303,-3.548534,2026-02-20 17:14:29.045752+00:00,23,56.5
191 - Metro Diego de León,2,17,40.434569387142616,-3.6740777840614403,2026-02-20 17:14:29.074636+00:00,19,10.5
282 - Parque Retiro - Puerta Reina Mercedes,2,20,40.4181327,-3.6787796,2026-02-20 17:14:29.045902+00:00,22,9.1
426 - Humanes - Benjamín Palencia,12,11,40.3952121,-3.64932678,2026-02-20 17:14:29.073639+00:00,23,52.2
"304 - Valle de Mena, 5",5,17,40.46962735,-3.7152724500000005,2026-02-20 17:14:29.073596+00:00,22,22.7
157 - Plaza de Cuzco,16,7,40.4591366,-3.6894151,2026-02-20 17:14:29.074268+00:00,23,69.6
271 - Amaltea-Meneses,15,10,40.394706,-3.68317,2026-02-20 17:14:29.046037+00:00,25,60.0
95 - Claudio Coello - Villanueva,2,22,40.4225428,-3.6869293000000005,2026-02-20 17:14:29.046250+00:00,24,8.3
246 - Metro Iglesia,4,22,40.43595788149785,-3.699248472404664,2026-02-20 17:14:29.073374+00:00,26,15.4
364 - Metro Opañel,0,23,40.38550735,-3.7237806400000006,2026-02-20 17:14:29.073946+00:00,23,0.0
611 - María de las Mercedes de Borbón A,18,5,40.490908297996654,-3.6121068531215528,2026-02-20 17:14:29.045847+00:00,23,78.3
601 - Estación de tren de Fuencarral,1,22,40.5015588,-3.6824686999999994,2026-02-20 17:14:29.045825+00:00,23,4.3
464 - Univ. Rey Juan Carlos - Campus Madrid,4,18,40.40634029,-3.61283416,2026-02-20 17:14:29.073793+00:00,22,18.2
482 - Metro Pueblo Nuevo,5,18,40.4356873,-3.6423386,2026-02-20 17:14:29.074544+00:00,23,21.7
194 - Intercambiador de Avenida de América,6,16,40.4372638,-3.6771534999999997,2026-02-20 17:14:29.073220+00:00,22,27.3
351 - Comandante Fontanes - General Ricardos,18,5,40.3951415,-3.7211209,2026-02-20 17:14:29.074560+00:00,23,78.3
32 - Plaza de la Provincia,2,21,40.41466783910054,-3.7066362890417137,2026-02-20 17:14:29.074355+00:00,23,8.7
87 - Ayala - Velázquez,4,18,40.427736,-3.6832565999999995,2026-02-20 17:14:29.046230+00:00,22,18.2
211 - Desengaño - Valverde,0,22,40.42059,-3.70239,2026-02-20 17:14:29.073269+00:00,22,0.0
622 - Calle Sierra de Albarracin 2,8,15,40.386022,-3.671961,2026-02-20 17:14:29.045864+00:00,23,34.8
468 - Caños de San Pedro - San Cipriano,0,23,40.403472,-3.6019220000000005,2026-02-20 17:14:29.045930+00:00,23,0.0
308 - María Auxiliadora - Francos Rodríguez,12,12,40.45772941,-3.7134614699999995,2026-02-20 17:14:29.073821+00:00,24,50.0
